canal,variante,archivo,formato_real,extension,ancho,alto,bytes,KB,aspecto,color
101fmradio,cuadrado,101fmradio_cuadrado.jpg,JPEG,.jpg,2160,2160,198208,193.6,1.0,YCbCr
101fmradio,horizontal,101fmradio_horizontal.jpg,JPEG,.jpg,3240,2158,135543,132.4,1.501,YCbCr
101fmradio,logo,101fmradio_logo.png,PNG,.png,2160,2160,292160,285.3,1.0,RGBA
101tv,cuadrado,101tv_cuadrado.jpg,JPEG,.jpg,2160,2160,272920,266.5,1.0,YCbCr
101tv,horizontal,101tv_horizontal.jpg,JPEG,.jpg,3240,2158,397514,388.2,1.501,YCbCr
101tv,logo,101tv_logo.png,PNG,.png,2160,2160,233473,228.0,1.0,RGBA
101tv_malaga,cuadrado,101tv_malaga_cuadrado.jpg,JPEG,.jpg,2160,2160,592643,578.8,1.0,YCbCr
101tv_malaga,horizontal,101tv_malaga_horizontal.jpg,JPEG,.jpg,3240,2158,834499,814.9,1.501,YCbCr
101tv_malaga,logo,101tv_malaga_logo.png,PNG,.png,2160,2160,615136,600.7,1.0,RGBA
101tv_noticiasmalaga,cuadrado,101tv_noticiasmalaga_cuadrado.jpg,JPEG,.jpg,2160,2160,450424,439.9,1.0,YCbCr
101tv_noticiasmalaga,horizontal,101tv_noticiasmalaga_horizontal.jpg,JPEG,.jpg,3240,2158,653654,638.3,1.501,YCbCr
101tv_noticiasmalaga,logo,101tv_noticiasmalaga_logo.png,PNG,.png,2160,2160,360829,352.4,1.0,RGBA
101tvcofrade,cuadrado,101tvcofrade_cuadrado.jpg,JPEG,.jpg,682,682,87319,85.3,1.0,YCbCr
101tvcofrade,horizontal,101tvcofrade_horizontal.jpg,JPEG,.jpg,3240,2158,527101,514.7,1.501,YCbCr
101tvcofrade,logo,101tvcofrade_logo.png,PNG,.png,682,682,96923,94.7,1.0,RGBA
24h,cuadrado,24h_cuadrado.jpg,JPEG,.jpg,2160,2160,256601,250.6,1.0,YCbCr
24h,cuadrado2,24h_cuadrado2.jpg,JPEG,.jpg,2160,2160,159398,155.7,1.0,YCbCr
24h,horizontal,24h_horizontal.jpg,JPEG,.jpg,3240,2158,333494,325.7,1.501,YCbCr
24h,horizontal2,24h_horizontal2.jpg,JPEG,.jpg,3240,2160,175192,171.1,1.5,YCbCr
24h,logo,24h_logo.png,PNG,.png,2160,2160,229387,224.0,1.0,RGBA
24h,logo2,24h_logo2.png,PNG,.png,2160,2160,151175,147.6,1.0,RGBA
7tv,cuadrado,7tv_cuadrado.jpg,JPEG,.jpg,2160,2160,234097,228.6,1.0,YCbCr
7tv,horizontal,7tv_horizontal.jpg,JPEG,.jpg,3240,2160,252491,246.6,1.5,YCbCr
7tv,logo,7tv_logo.png,PNG,.png,2160,2160,688058,671.9,1.0,RGBA
7tv_andalucia,cuadrado,7tv_andalucia_cuadrado.jpg,JPEG,.jpg,2160,2160,195971,191.4,1.0,YCbCr
7tv_andalucia,horizontal,7tv_andalucia_horizontal.jpg,JPEG,.jpg,3240,2160,212744,207.8,1.5,YCbCr
7tv_andalucia,logo,7tv_andalucia_logo.png,PNG,.png,2160,2160,394225,385.0,1.0,RGBA
7tv_malaga,cuadrado,7tv_malaga_cuadrado.jpg,JPEG,.jpg,2160,2160,257409,251.4,1.0,YCbCr
7tv_malaga,horizontal,7tv_malaga_horizontal.jpg,JPEG,.jpg,3240,2160,276978,270.5,1.5,YCbCr
7tv_malaga,logo,7tv_malaga_logo.png,PNG,.png,2160,2160,887836,867.0,1.0,RGBA
7tv_rojo,cuadrado,7tv_rojo_cuadrado.jpg,JPEG,.jpg,447,447,9768,9.5,1.0,YCbCr
7tv_rojo,horizontal,7tv_rojo_horizontal.jpg,JPEG,.jpg,3024,2016,141498,138.2,1.5,YCbCr
a3cine_amarillo,cuadrado,a3cine_amarillo_cuadrado.jpg,JPEG,.jpg,2160,2160,223950,218.7,1.0,YCbCr
a3cine_amarillo,horizontal,a3cine_amarillo_horizontal.jpg,JPEG,.jpg,3240,2160,248078,242.3,1.5,YCbCr
a3cine_amarillo,logo,a3cine_amarillo_logo.png,PNG,.png,2160,2160,280812,274.2,1.0,RGBA
a3cine_negro,cuadrado,a3cine_negro_cuadrado.jpg,JPEG,.jpg,2160,2160,217946,212.8,1.0,YCbCr
a3cine_negro,horizontal,a3cine_negro_horizontal.jpg,JPEG,.jpg,3240,2160,239864,234.2,1.5,YCbCr
a3cine_negro,logo,a3cine_negro_logo.png,PNG,.png,2160,2160,416256,406.5,1.0,RGBA
activatv,cuadrado,activatv_cuadrado.jpg,JPEG,.jpg,2016,2016,91687,89.5,1.0,YCbCr
activatv,horizontal,activatv_horizontal.jpg,JPEG,.jpg,3024,2016,126017,123.1,1.5,YCbCr
activatv,logo,activatv_logo.png,PNG,.png,968,968,36584,35.7,1.0,RGBA
alcieloconella,cuadrado,alcieloconella_cuadrado.jpg,JPEG,.jpg,2160,2160,1984347,1937.8,1.0,YCbCr
alcieloconella,horizontal,alcieloconella_horizontal.jpg,JPEG,.jpg,3240,2160,2322038,2267.6,1.5,YCbCr
alcieloconella,logo,alcieloconella_logo.png,PNG,.png,2160,2160,757338,739.6,1.0,RGBA
animeonegai_action,cuadrado,animeonegai_action_cuadrado.jpg,JPEG,.jpg,1342,1342,493085,481.5,1.0,YCbCr
animeonegai_action,horizontal,animeonegai_action_horizontal.jpg,JPEG,.jpg,2016,1343,455460,444.8,1.501,YCbCr
animeonegai_action,logo,animeonegai_action_logo.png,PNG,.png,2160,2160,792619,774.0,1.0,RGBA
animeonegai_comedy,cuadrado,animeonegai_comedy_cuadrado.jpg,JPEG,.jpg,2160,2160,1808153,1765.8,1.0,YCbCr
animeonegai_comedy,horizontal,animeonegai_comedy_horizontal.jpg,JPEG,.jpg,3240,2160,2038710,1990.9,1.5,YCbCr
animeonegai_comedy,logo,animeonegai_comedy_logo.png,PNG,.png,2160,2160,450230,439.7,1.0,RGBA
animeonegai_drama,cuadrado,animeonegai_drama_cuadrado.jpg,JPEG,.jpg,1342,1342,498061,486.4,1.0,YCbCr
animeonegai_drama,horizontal,animeonegai_drama_horizontal.jpg,JPEG,.jpg,2016,1343,449651,439.1,1.501,YCbCr
animeonegai_drama,logo,animeonegai_drama_logo.png,PNG,.png,2160,2160,521163,508.9,1.0,RGBA
animeonegai_sci-fi,cuadrado,animeonegai_sci-fi_cuadrado.jpg,JPEG,.jpg,2160,2160,1553620,1517.2,1.0,YCbCr
animeonegai_sci-fi,horizontal,animeonegai_sci-fi_horizontal.jpg,JPEG,.jpg,3240,2160,1509468,1474.1,1.5,YCbCr
animeonegai_sci-fi,logo,animeonegai_sci-fi_logo.png,PNG,.png,2160,2160,379885,371.0,1.0,RGBA
animeonegai_sports,cuadrado,animeonegai_sports_cuadrado.jpg,JPEG,.jpg,1342,1342,581589,568.0,1.0,YCbCr
animeonegai_sports,horizontal,animeonegai_sports_horizontal.jpg,JPEG,.jpg,2016,1343,562985,549.8,1.501,YCbCr
animeonegai_sports,logo,animeonegai_sports_logo.png,PNG,.png,2160,2160,446099,435.6,1.0,RGBA
animevision,cuadrado,animevision_cuadrado.jpg,JPEG,.jpg,2157,2157,390022,380.9,1.0,YCbCr
animevision,horizontal,animevision_horizontal.jpg,JPEG,.jpg,3240,2158,460573,449.8,1.501,YCbCr
animevision,logo,animevision_logo.png,PNG,.png,2160,2160,366240,357.7,1.0,RGBA
animevisionclassics,cuadrado,animevisionclassics_cuadrado.jpg,JPEG,.jpg,2160,2160,637342,622.4,1.0,YCbCr
animevisionclassics,horizontal,animevisionclassics_horizontal.jpg,JPEG,.jpg,3240,2160,647570,632.4,1.5,YCbCr
animevisionclassics,logo,animevisionclassics_logo.png,PNG,.png,2160,2160,528915,516.5,1.0,RGBA
antena3,cuadrado,antena3_cuadrado.jpg,JPEG,.jpg,2160,2160,201474,196.8,1.0,YCbCr
antena3,horizontal,antena3_horizontal.jpg,JPEG,.jpg,3240,2160,219365,214.2,1.5,YCbCr
antena3,logo,antena3_logo.png,PNG,.png,2160,2160,398331,389.0,1.0,RGBA
antena3,logo2,antena3_logo2.png,PNG,.png,2160,2160,295273,288.4,1.0,RGBA
antena3internacional,cuadrado,antena3internacional_cuadrado.jpg,JPEG,.jpg,2160,2160,381403,372.5,1.0,YCbCr
antena3internacional,horizontal,antena3internacional_horizontal.jpg,JPEG,.jpg,3240,2160,402320,392.9,1.5,YCbCr
antena3internacional,logo,antena3internacional_logo.png,PNG,.png,2160,2160,1170516,1143.1,1.0,RGBA
antena3internacional,logo2,antena3internacional_logo2.png,PNG,.png,2160,2160,750873,733.3,1.0,RGBA
antena3internacional_blanco,cuadrado,antena3internacional_blanco_cuadrado.jpg,JPEG,.jpg,2160,2160,410463,400.8,1.0,YCbCr
antena3internacional_blanco,horizontal,antena3internacional_blanco_horizontal.jpg,JPEG,.jpg,3240,2160,430830,420.7,1.5,YCbCr
antena3internacional_negro,cuadrado,antena3internacional_negro_cuadrado.jpg,JPEG,.jpg,2160,2160,443304,432.9,1.0,YCbCr
antena3internacional_negro,horizontal,antena3internacional_negro_horizontal.jpg,JPEG,.jpg,3240,2160,463425,452.6,1.5,YCbCr
aquinohayquienviva,cuadrado,aquinohayquienviva_cuadrado.jpg,JPEG,.jpg,540,540,169302,165.3,1.0,YCbCr
aquinohayquienviva,horizontal,aquinohayquienviva_horizontal.jpg,JPEG,.jpg,3240,2158,2091795,2042.8,1.501,YCbCr
aquinohayquienviva,logo,aquinohayquienviva_logo.png,PNG,.png,1512,1512,754116,736.4,1.0,RGBA
aquinohayquienviva,logo2,aquinohayquienviva_logo2.png,PNG,.png,1512,1512,478308,467.1,1.0,RGBA
atreseries,cuadrado,atreseries_cuadrado.jpg,JPEG,.jpg,2160,2160,217448,212.4,1.0,YCbCr
atreseries,horizontal,atreseries_horizontal.jpg,JPEG,.jpg,3240,2158,339756,331.8,1.501,YCbCr
atreseries,logo,atreseries_logo.png,PNG,.png,2160,2160,478713,467.5,1.0,RGBA
atreseries,logo2,atreseries_logo2.png,PNG,.png,2160,2160,425151,415.2,1.0,RGBA
atresplayer,cuadrado,atresplayer_cuadrado.jpg,JPEG,.jpg,2160,2160,325951,318.3,1.0,YCbCr
atresplayer,horizontal,atresplayer_horizontal.jpg,JPEG,.jpg,3240,2158,327453,319.8,1.501,YCbCr
atresplayer,logo,atresplayer_logo.png,PNG,.png,2160,2160,408415,398.8,1.0,RGBA
atresplayer,logo2,atresplayer_logo2.png,PNG,.png,2160,2160,344267,336.2,1.0,RGBA
bemad,cuadrado,bemad_cuadrado.jpg,JPEG,.jpg,2160,2160,164317,160.5,1.0,YCbCr
bemad,horizontal,bemad_horizontal.jpg,JPEG,.jpg,3240,2158,338552,330.6,1.501,YCbCr
bemad,logo,bemad_logo.png,PNG,.png,2160,2160,267935,261.7,1.0,RGBA
bemad,redondo,bemad_redondo.png,PNG,.png,500,500,17226,16.8,1.0,RGBA
boing,cuadrado,boing_cuadrado.jpg,JPEG,.jpg,2160,2160,595493,581.5,1.0,YCbCr
boing,horizontal,boing_horizontal.jpg,JPEG,.jpg,3240,2158,1182418,1154.7,1.501,YCbCr
boing,logo,boing_logo.png,PNG,.png,2160,2160,984817,961.7,1.0,RGBA
bomcine,cuadrado,bomcine_cuadrado.jpg,JPEG,.jpg,300,300,12606,12.3,1.0,YCbCr
bomcine,cuadrado2,bomcine_cuadrado2.jpg,JPEG,.jpg,2160,2160,715844,699.1,1.0,YCbCr
bomcine,horizontal,bomcine_horizontal.jpg,JPEG,.jpg,450,300,17665,17.3,1.5,YCbCr
bomcine,horizontal2,bomcine_horizontal2.jpg,JPEG,.jpg,3240,2158,1100236,1074.4,1.501,YCbCr
bomcine,logo,bomcine_logo.png,PNG,.png,2160,2160,144665,141.3,1.0,RGBA
bomcine,logo2,bomcine_logo2.png,PNG,.png,2160,2160,167669,163.7,1.0,RGBA
cadenaelite,cuadrado,cadenaelite_cuadrado.jpg,JPEG,.jpg,2160,2160,344436,336.4,1.0,YCbCr
cadenaelite,horizontal,cadenaelite_horizontal.jpg,JPEG,.jpg,3240,2160,366666,358.1,1.5,YCbCr
cadenaelite,logo,cadenaelite_logo.png,PNG,.png,2160,2160,702368,685.9,1.0,RGBA
canalandaluciacocina,cuadrado,canalandaluciacocina_cuadrado.jpg,JPEG,.jpg,1440,1440,262740,256.6,1.0,YCbCr
canalandaluciacocina,horizontal,canalandaluciacocina_horizontal.jpg,JPEG,.jpg,2160,1440,371289,362.6,1.5,YCbCr
canalandaluciacocina,logo,canalandaluciacocina_logo.png,PNG,.png,2160,2160,520323,508.1,1.0,RGBA
canalandaluciacocina2,cuadrado,canalandaluciacocina2_cuadrado.jpg,JPEG,.jpg,329,330,50205,49.0,0.997,YCbCr
canalandaluciacocina2,horizontal,canalandaluciacocina2_horizontal.jpg,JPEG,.jpg,496,330,57251,55.9,1.503,YCbCr
canalandaluciaturismo,cuadrado,canalandaluciaturismo_cuadrado.jpg,JPEG,.jpg,2094,2096,464516,453.6,0.999,YCbCr
canalandaluciaturismo,horizontal,canalandaluciaturismo_horizontal.jpg,JPEG,.jpg,3146,2096,573421,560.0,1.501,YCbCr
canalandaluciaturismo,logo,canalandaluciaturismo_logo.png,PNG,.png,2160,2160,497383,485.7,1.0,RGBA
canalandaluciaturismo2,cuadrado,canalandaluciaturismo2_cuadrado.jpg,JPEG,.jpg,1344,1344,172582,168.5,1.0,YCbCr
canalandaluciaturismo2,horizontal,canalandaluciaturismo2_horizontal.jpg,JPEG,.jpg,2016,1344,229683,224.3,1.5,YCbCr
canalmalaga,cuadrado,canalmalaga_cuadrado.jpg,JPEG,.jpg,2016,2016,222369,217.2,1.0,YCbCr
canalmalaga,horizontal,canalmalaga_horizontal.jpg,JPEG,.jpg,3240,2158,454289,443.6,1.501,YCbCr
canalmalaga,logo,canalmalaga_logo.png,PNG,.png,700,700,110448,107.9,1.0,RGBA
canalmalaga_2020,logo,canalmalaga_2020_logo.png,PNG,.png,512,512,37144,36.3,1.0,RGBA
canalmalagaradio,cuadrado,canalmalagaradio_cuadrado.jpg,JPEG,.jpg,2160,2160,208428,203.5,1.0,YCbCr
canalmalagaradio,horizontal,canalmalagaradio_horizontal.jpg,JPEG,.jpg,3240,2160,312668,305.3,1.5,YCbCr
canalmalagatv,cuadrado,canalmalagatv_cuadrado.jpg,JPEG,.jpg,2160,2160,231047,225.6,1.0,YCbCr
canalmalagatv,horizontal,canalmalagatv_horizontal.jpg,JPEG,.jpg,3240,2160,343587,335.5,1.5,YCbCr
canalmalagatv,logo,canalmalagatv_logo.png,PNG,.png,2160,2160,636159,621.2,1.0,RGBA
canalparlamento,cuadrado,canalparlamento_cuadrado.jpg,JPEG,.jpg,2160,2160,267950,261.7,1.0,YCbCr
canalparlamento,horizontal,canalparlamento_horizontal.jpg,JPEG,.jpg,3240,2160,284364,277.7,1.5,YCbCr
canalparlamento,logo,canalparlamento_logo.png,PNG,.png,2160,2160,424301,414.4,1.0,RGBA
canalparlamento,redondo,canalparlamento_redondo.png,PNG,.png,1080,1080,79005,77.2,1.0,RGBA
canalsur+ssanta_malaga-alameda,cuadrado,canalsur+ssanta_malaga-alameda_cuadrado.jpg,JPEG,.jpg,1080,1080,649455,634.2,1.0,YCbCr
canalsur+ssanta_malaga-alameda,horizontal,canalsur+ssanta_malaga-alameda_horizontal.jpg,JPEG,.jpg,1620,1080,293297,286.4,1.5,YCbCr
canalsur+ssanta_malaga-tribuna-larios,cuadrado,canalsur+ssanta_malaga-tribuna-larios_cuadrado.jpg,JPEG,.jpg,1080,1080,606203,592.0,1.0,YCbCr
canalsur+ssanta_malaga-tribuna-larios,horizontal,canalsur+ssanta_malaga-tribuna-larios_horizontal.jpg,JPEG,.jpg,1620,1080,268312,262.0,1.5,YCbCr
canalsur1_2011,logo,canalsur1_2011_logo.png,PNG,.png,1280,1279,71355,69.7,1.001,RGBA
canalsur1_2017,logo,canalsur1_2017_logo.png,PNG,.png,1024,1024,89676,87.6,1.0,RGBA
canalsur1_negro,cuadrado,canalsur1_negro_cuadrado.jpg,JPEG,.jpg,2160,2160,473329,462.2,1.0,YCbCr
canalsur1_negro,horizontal,canalsur1_negro_horizontal.jpg,JPEG,.jpg,3240,2158,538988,526.4,1.501,YCbCr
canalsur1_verde,cuadrado,canalsur1_verde_cuadrado.jpg,JPEG,.jpg,2160,2160,536051,523.5,1.0,YCbCr
canalsur1_verde,horizontal,canalsur1_verde_horizontal.jpg,JPEG,.jpg,3240,2158,699320,682.9,1.501,YCbCr
canalsur2_2012,logo,canalsur2_2012_logo.png,PNG,.png,1280,1280,189811,185.4,1.0,RGBA
canalsur2_2017,logo,canalsur2_2017_logo.png,PNG,.png,1280,1280,200645,195.9,1.0,RGBA
canalsur2accesible_negro,cuadrado,canalsur2accesible_negro_cuadrado.jpg,JPEG,.jpg,450,450,59294,57.9,1.0,YCbCr
canalsur2accesible_negro,horizontal,canalsur2accesible_negro_horizontal.jpg,JPEG,.jpg,3240,2160,511303,499.3,1.5,YCbCr
canalsur2accesible_verde,cuadrado,canalsur2accesible_verde_cuadrado.jpg,JPEG,.jpg,450,450,55134,53.8,1.0,YCbCr
canalsur2accesible_verde,horizontal,canalsur2accesible_verde_horizontal.jpg,JPEG,.jpg,3240,2158,641599,626.6,1.501,YCbCr
canalsur4K_2012,logo,canalsur4K_2012_logo.png,PNG,.png,1280,1278,74429,72.7,1.002,RGBA
canalsurandalucia_2017,logo,canalsurandalucia_2017_logo.png,PNG,.png,427,427,58585,57.2,1.0,RGBA
canalsurandalucia_negro,cuadrado,canalsurandalucia_negro_cuadrado.jpg,JPEG,.jpg,2160,2160,484657,473.3,1.0,YCbCr
canalsurandalucia_negro,horizontal,canalsurandalucia_negro_horizontal.jpg,JPEG,.jpg,3240,2160,502146,490.4,1.5,YCbCr
canalsurandalucia_verde,cuadrado,canalsurandalucia_verde_cuadrado.jpg,JPEG,.jpg,2160,2160,537716,525.1,1.0,YCbCr
canalsurandalucia_verde,horizontal,canalsurandalucia_verde_horizontal.jpg,JPEG,.jpg,3240,2158,650223,635.0,1.501,YCbCr
canalsurnoticias_blanco,cuadrado,canalsurnoticias_blanco_cuadrado.jpg,JPEG,.jpg,2160,2160,481407,470.1,1.0,YCbCr
canalsurnoticias_blanco,horizontal,canalsurnoticias_blanco_horizontal.jpg,JPEG,.jpg,3240,2158,647888,632.7,1.501,YCbCr
canalsurnoticias_negro,cuadrado,canalsurnoticias_negro_cuadrado.jpg,JPEG,.jpg,2160,2160,487861,476.4,1.0,YCbCr
canalsurnoticias_negro,horizontal,canalsurnoticias_negro_horizontal.jpg,JPEG,.jpg,3240,2158,572474,559.1,1.501,YCbCr
canalsurradio,cuadrado,canalsurradio_cuadrado.jpg,JPEG,.jpg,450,450,37170,36.3,1.0,YCbCr
canalsurradio,horizontal,canalsurradio_horizontal.jpg,JPEG,.jpg,675,450,51664,50.5,1.5,YCbCr
canalsurradio,logo,canalsurradio_logo.png,PNG,.png,1501,1501,31921,31.2,1.0,RGBA
canalsurradiofiesta,cuadrado,canalsurradiofiesta_cuadrado.jpg,JPEG,.jpg,450,450,33390,32.6,1.0,YCbCr
canalsurradiofiesta,horizontal,canalsurradiofiesta_horizontal.jpg,JPEG,.jpg,675,450,41514,40.5,1.5,YCbCr
canalsurradiofiesta,logo,canalsurradiofiesta_logo.png,PNG,.png,1501,1501,32435,31.7,1.0,RGBA
canalsurradioflamenco,cuadrado,canalsurradioflamenco_cuadrado.jpg,JPEG,.jpg,450,450,45708,44.6,1.0,YCbCr
canalsurradioflamenco,horizontal,canalsurradioflamenco_horizontal.jpg,JPEG,.jpg,675,450,62399,60.9,1.5,YCbCr
canalsurradioflamenco,logo,canalsurradioflamenco_logo.png,PNG,.png,1501,1501,46236,45.2,1.0,RGBA
canalsurradiomalaga,cuadrado,canalsurradiomalaga_cuadrado.jpg,JPEG,.jpg,450,450,42817,41.8,1.0,YCbCr
canalsurradiomalaga,horizontal,canalsurradiomalaga_horizontal.jpg,JPEG,.jpg,675,450,57543,56.2,1.5,YCbCr
canalsurradiomalaga,logo,canalsurradiomalaga_logo.png,PNG,.png,1501,1501,32758,32.0,1.0,RGBA
canalsurradiomusica,cuadrado,canalsurradiomusica_cuadrado.jpg,JPEG,.jpg,450,450,45144,44.1,1.0,YCbCr
canalsurradiomusica,horizontal,canalsurradiomusica_horizontal.jpg,JPEG,.jpg,675,450,61199,59.8,1.5,YCbCr
canalsurradiomusica,logo,canalsurradiomusica_logo.png,PNG,.png,1501,1501,35925,35.1,1.0,RGBA
canalsurradiorai,cuadrado,canalsurradiorai_cuadrado.jpg,JPEG,.jpg,450,450,36588,35.7,1.0,YCbCr
canalsurradiorai,horizontal,canalsurradiorai_horizontal.jpg,JPEG,.jpg,675,450,48694,47.6,1.5,YCbCr
canalsurradiorai,logo,canalsurradiorai_logo.png,PNG,.png,1501,1501,32294,31.5,1.0,RGBA
canalsurradioraimalaga,cuadrado,canalsurradioraimalaga_cuadrado.jpg,JPEG,.jpg,2157,2157,456594,445.9,1.0,YCbCr
canalsurradioraimalaga,horizontal,canalsurradioraimalaga_horizontal.jpg,JPEG,.jpg,3240,2158,446035,435.6,1.501,YCbCr
clan,cuadrado,clan_cuadrado.jpg,JPEG,.jpg,2157,2157,321856,314.3,1.0,YCbCr
clan,cuadrado2,clan_cuadrado2.jpg,JPEG,.jpg,2160,2160,167217,163.3,1.0,YCbCr
clan,horizontal,clan_horizontal.jpg,JPEG,.jpg,3240,2158,300389,293.3,1.501,YCbCr
clan,horizontal2,clan_horizontal2.jpg,JPEG,.jpg,3240,2160,179485,175.3,1.5,YCbCr
clan,logo,clan_logo.png,PNG,.png,2160,2160,259805,253.7,1.0,RGBA
clan,logo2,clan_logo2.png,PNG,.png,2160,2160,158642,154.9,1.0,RGBA
clasicos_atresplayer,cuadrado,clasicos_atresplayer_cuadrado.jpg,JPEG,.jpg,1512,1512,547033,534.2,1.0,YCbCr
clasicos_atresplayer,horizontal,clasicos_atresplayer_horizontal.jpg,JPEG,.jpg,3240,2158,1334432,1303.2,1.501,YCbCr
clasicos_atresplayer,logo,clasicos_atresplayer_logo.png,PNG,.png,1512,1512,296053,289.1,1.0,RGBA
cnnesp,cuadrado,cnnesp_cuadrado.jpg,JPEG,.jpg,2157,2157,683278,667.3,1.0,YCbCr
cnnesp,horizontal,cnnesp_horizontal.jpg,JPEG,.jpg,3240,2158,622768,608.2,1.501,YCbCr
cnnesp,logo,cnnesp_logo.png,PNG,.png,2160,2160,674437,658.6,1.0,RGBA
comedia_atresplayer,cuadrado,comedia_atresplayer_cuadrado.jpg,JPEG,.jpg,2160,2160,898711,877.6,1.0,YCbCr
comedia_atresplayer,horizontal,comedia_atresplayer_horizontal.jpg,JPEG,.jpg,3240,2158,1249198,1219.9,1.501,YCbCr
comedia_atresplayer,logo,comedia_atresplayer_logo.png,PNG,.png,1512,1512,242556,236.9,1.0,RGBA
congresodelosdiputados,cuadrado,congresodelosdiputados_cuadrado.jpg,JPEG,.jpg,2160,2160,347419,339.3,1.0,YCbCr
congresodelosdiputados,horizontal,congresodelosdiputados_horizontal.jpg,JPEG,.jpg,3240,2160,364414,355.9,1.5,YCbCr
congresodelosdiputados,logo,congresodelosdiputados_logo.png,PNG,.png,2160,2160,939049,917.0,1.0,RGBA
cuatro,cuadrado,cuatro_cuadrado.jpg,JPEG,.jpg,674,675,22578,22.0,0.999,YCbCr
cuatro,horizontal,cuatro_horizontal.jpg,JPEG,.jpg,1012,675,23971,23.4,1.499,YCbCr
cuatro,logo,cuatro_logo.png,PNG,.png,2160,2160,268843,262.5,1.0,RGBA
detectiveconan,cuadrado,detectiveconan_cuadrado.jpg,JPEG,.jpg,2160,2160,1291295,1261.0,1.0,YCbCr
detectiveconan,horizontal,detectiveconan_horizontal.jpg,JPEG,.jpg,3240,2158,2278265,2224.9,1.501,YCbCr
detectiveconan,logo,detectiveconan_logo.png,PNG,.png,2160,2160,561579,548.4,1.0,RGBA
divinity,cuadrado,divinity_cuadrado.jpg,JPEG,.jpg,2160,2160,153816,150.2,1.0,YCbCr
divinity,horizontal,divinity_horizontal.jpg,JPEG,.jpg,3240,2160,167616,163.7,1.5,YCbCr
divinity,logo,divinity_logo.png,PNG,.png,2160,2160,116826,114.1,1.0,RGBA
divinity,logo2,divinity_logo2.png,PNG,.png,2160,2160,235719,230.2,1.0,RGBA
dragonballz,cuadrado,dragonballz_cuadrado.jpg,JPEG,.jpg,2160,2160,924390,902.7,1.0,YCbCr
dragonballz,horizontal,dragonballz_horizontal.jpg,JPEG,.jpg,3240,2158,1115788,1089.6,1.501,YCbCr
dragonballz,logo,dragonballz_logo.png,PNG,.png,2160,2160,864181,843.9,1.0,RGBA
elclubdelacomedia,cuadrado,elclubdelacomedia_cuadrado.jpg,JPEG,.jpg,450,450,103790,101.4,1.0,YCbCr
elclubdelacomedia,horizontal,elclubdelacomedia_horizontal.jpg,JPEG,.jpg,675,450,157989,154.3,1.5,YCbCr
elclubdelacomedia,logo,elclubdelacomedia_logo.png,PNG,.png,1512,1512,210163,205.2,1.0,RGBA
elclubdelacomedia,logo2,elclubdelacomedia_logo2.png,PNG,.png,1512,1512,511911,499.9,1.0,RGBA
elhormiguero,cuadrado,elhormiguero_cuadrado.jpg,JPEG,.jpg,2160,2160,1134387,1107.8,1.0,YCbCr
elhormiguero,horizontal,elhormiguero_horizontal.jpg,JPEG,.jpg,3240,2158,1485228,1450.4,1.501,YCbCr
elhormiguero,logo,elhormiguero_logo.png,PNG,.png,2160,2160,708312,691.7,1.0,RGBA
elhormiguero,logo2,elhormiguero_logo2.png,PNG,.png,2160,2160,403862,394.4,1.0,RGBA
energeek,cuadrado,energeek_cuadrado.jpg,JPEG,.jpg,2160,2160,497603,485.9,1.0,YCbCr
energeek,horizontal,energeek_horizontal.jpg,JPEG,.jpg,3240,2158,691167,675.0,1.501,YCbCr
energeek,logo,energeek_logo.png,PNG,.png,2160,2160,474084,463.0,1.0,RGBA
energy,cuadrado,energy_cuadrado.jpg,JPEG,.jpg,2160,2160,96006,93.8,1.0,YCbCr
energy,horizontal,energy_horizontal.jpg,JPEG,.jpg,3240,2160,109713,107.1,1.5,YCbCr
energy,logo,energy_logo.png,PNG,.png,2160,2160,222421,217.2,1.0,RGBA
energy,redondo,energy_redondo.png,PNG,.png,1000,1000,67688,66.1,1.0,RGBA
euronews,cuadrado,euronews_cuadrado.jpg,JPEG,.jpg,960,960,145260,141.9,1.0,YCbCr
euronews,horizontal,euronews_horizontal.jpg,JPEG,.jpg,2016,1343,318852,311.4,1.501,YCbCr
extremaduraplay,logo,extremaduraplay_logo.png,PNG,.png,2160,2160,359188,350.8,1.0,RGBA
extremaduraplayinfantil,cuadrado,extremaduraplayinfantil_cuadrado.jpg,JPEG,.jpg,2160,2160,392265,383.1,1.0,YCbCr
extremaduraplayinfantil,horizontal,extremaduraplayinfantil_horizontal.jpg,JPEG,.jpg,3240,2158,484491,473.1,1.501,YCbCr
factoriadeficcion,cuadrado,factoriadeficcion_cuadrado.jpg,JPEG,.jpg,2160,2160,117949,115.2,1.0,YCbCr
factoriadeficcion,horizontal,factoriadeficcion_horizontal.jpg,JPEG,.jpg,3240,2158,197910,193.3,1.501,YCbCr
factoriadeficcion,logo,factoriadeficcion_logo.png,PNG,.png,2160,2160,196427,191.8,1.0,RGBA
factoriadeficcion,redondo,factoriadeficcion_redondo.png,PNG,.png,1280,1280,50385,49.2,1.0,RGBA
france24esp,cuadrado,france24esp_cuadrado.jpg,JPEG,.jpg,2160,2160,551981,539.0,1.0,YCbCr
france24esp,horizontal,france24esp_horizontal.jpg,JPEG,.jpg,3240,2158,701078,684.6,1.501,YCbCr
france24esp,logo,france24esp_logo.png,PNG,.png,2160,2160,1208750,1180.4,1.0,RGBA
gustotv,cuadrado,gustotv_cuadrado.jpg,JPEG,.jpg,2157,2157,677581,661.7,1.0,YCbCr
gustotv,horizontal,gustotv_horizontal.jpg,JPEG,.jpg,3240,2158,1167606,1140.2,1.501,YCbCr
gustotv,logo,gustotv_logo.png,PNG,.png,2160,2160,348003,339.8,1.0,RGBA
historia,cuadrado,historia_cuadrado.jpg,JPEG,.jpg,630,630,24561,24.0,1.0,YCbCr
historia,horizontal,historia_horizontal.jpg,JPEG,.jpg,945,630,25083,24.5,1.5,YCbCr
historia,logo,historia_logo.png,PNG,.png,288,288,21221,20.7,1.0,RGBA
inglestotal,cuadrado,inglestotal_cuadrado.jpg,JPEG,.jpg,2157,2157,568976,555.6,1.0,YCbCr
inglestotal,horizontal,inglestotal_horizontal.jpg,JPEG,.jpg,3240,2158,549382,536.5,1.501,YCbCr
inglestotal,logo,inglestotal_logo.png,PNG,.png,216,216,9477,9.3,1.0,RGBA
kidz,cuadrado,kidz_cuadrado.jpg,JPEG,.jpg,2160,2160,243610,237.9,1.0,YCbCr
kidz,horizontal,kidz_horizontal.jpg,JPEG,.jpg,3240,2158,295949,289.0,1.501,YCbCr
kidz,logo,kidz_logo.png,PNG,.png,2160,2160,354623,346.3,1.0,RGBA
kidz,logo2,kidz_logo2.png,PNG,.png,2160,2160,338681,330.7,1.0,RGBA
kidz,logo3,kidz_logo3.png,PNG,.png,2160,2160,487679,476.2,1.0,RGBA
la1,cuadrado,la1_cuadrado.jpg,JPEG,.jpg,2160,2160,212946,208.0,1.0,YCbCr
la1,cuadrado2,la1_cuadrado2.jpg,JPEG,.jpg,2160,2160,79438,77.6,1.0,YCbCr
la1,horizontal,la1_horizontal.jpg,JPEG,.jpg,3240,2158,258661,252.6,1.501,YCbCr
la1,horizontal2,la1_horizontal2.jpg,JPEG,.jpg,3240,2160,90043,87.9,1.5,YCbCr
la1,logo,la1_logo.png,PNG,.png,2160,2160,103717,101.3,1.0,RGBA
la1,logo2,la1_logo2.png,PNG,.png,2160,2160,65643,64.1,1.0,RGBA
la1uhd,cuadrado,la1uhd_cuadrado.jpg,JPEG,.jpg,2160,2160,248013,242.2,1.0,YCbCr
la1uhd,cuadrado2,la1uhd_cuadrado2.jpg,JPEG,.jpg,2160,2160,114376,111.7,1.0,YCbCr
la1uhd,horizontal,la1uhd_horizontal.jpg,JPEG,.jpg,3240,2158,295858,288.9,1.501,YCbCr
la1uhd,horizontal2,la1uhd_horizontal2.jpg,JPEG,.jpg,3240,2160,128237,125.2,1.5,YCbCr
la1uhd,logo,la1uhd_logo.png,PNG,.png,2160,2160,144533,141.1,1.0,RGBA
la1uhd,logo2,la1uhd_logo2.png,PNG,.png,2160,2160,92157,90.0,1.0,RGBA
la2,cuadrado,la2_cuadrado.jpg,JPEG,.jpg,2160,2160,231155,225.7,1.0,YCbCr
la2,cuadrado2,la2_cuadrado2.jpg,JPEG,.jpg,2160,2160,118859,116.1,1.0,YCbCr
la2,horizontal,la2_horizontal.jpg,JPEG,.jpg,3240,2158,325325,317.7,1.501,YCbCr
la2,horizontal2,la2_horizontal2.jpg,JPEG,.jpg,3240,2160,132930,129.8,1.5,YCbCr
la2,logo,la2_logo.png,PNG,.png,2160,2160,329293,321.6,1.0,RGBA
la2,logo2,la2_logo2.png,PNG,.png,2160,2160,166079,162.2,1.0,RGBA
laliga,cuadrado,laliga_cuadrado.jpg,JPEG,.jpg,2160,2160,147879,144.4,1.0,YCbCr
laliga,horizontal,laliga_horizontal.jpg,JPEG,.jpg,3240,2160,159933,156.2,1.5,YCbCr
laliga,logo,laliga_logo.png,PNG,.png,2160,2160,66030,64.5,1.0,RGBA
laligahypermotion,cuadrado,laligahypermotion_cuadrado.jpg,JPEG,.jpg,2160,2160,281316,274.7,1.0,YCbCr
laligahypermotion,horizontal,laligahypermotion_horizontal.jpg,JPEG,.jpg,3240,2158,389555,380.4,1.501,YCbCr
laligahypermotion,logo,laligahypermotion_logo.png,PNG,.png,2160,2160,392955,383.7,1.0,RGBA
lamoncloa,cuadrado,lamoncloa_cuadrado.jpg,JPEG,.jpg,2160,2160,279081,272.5,1.0,YCbCr
lamoncloa,horizontal,lamoncloa_horizontal.jpg,JPEG,.jpg,3240,2158,306038,298.9,1.501,YCbCr
lamoncloa,logo,lamoncloa_logo.png,PNG,.png,1708,1707,325246,317.6,1.001,RGBA
lamoncloa,redondo,lamoncloa_redondo.png,PNG,.png,2631,2632,537938,525.3,1.0,indexed
lamoncloa_ministros,cuadrado,lamoncloa_ministros_cuadrado.jpg,JPEG,.jpg,1707,1707,263010,256.8,1.0,YCbCr
lamoncloa_ministros,horizontal,lamoncloa_ministros_horizontal.jpg,JPEG,.jpg,3240,2158,384105,375.1,1.501,YCbCr
lamoncloa_ministros,logo,lamoncloa_ministros_logo.png,PNG,.png,1707,1707,460390,449.6,1.0,RGBA
lamoncloa_presidente,cuadrado,lamoncloa_presidente_cuadrado.jpg,JPEG,.jpg,1707,1707,272166,265.8,1.0,YCbCr
lamoncloa_presidente,horizontal,lamoncloa_presidente_horizontal.jpg,JPEG,.jpg,3240,2158,380497,371.6,1.501,YCbCr
lamoncloa_presidente,logo,lamoncloa_presidente_logo.png,PNG,.png,1707,1707,471717,460.7,1.0,RGBA
lasexta,cuadrado,lasexta_cuadrado.jpg,JPEG,.jpg,2160,2160,135974,132.8,1.0,YCbCr
lasexta,horizontal,lasexta_horizontal.jpg,JPEG,.jpg,3240,2160,149303,145.8,1.5,YCbCr
lasexta,logo,lasexta_logo.png,PNG,.png,2160,2160,387653,378.6,1.0,RGBA
lasexta,logo2,lasexta_logo2.png,PNG,.png,2160,2160,238749,233.2,1.0,RGBA
lasexta,logo_blanco,lasexta_logo_blanco.png,PNG,.png,234,320,46899,45.8,0.731,RGBA
lg1,cuadrado,lg1_cuadrado.jpg,JPEG,.jpg,2160,2160,142769,139.4,1.0,YCbCr
lg1,horizontal,lg1_horizontal.jpg,JPEG,.jpg,3240,2158,264777,258.6,1.501,YCbCr
lg1,logo,lg1_logo.png,PNG,.png,2160,2160,157047,153.4,1.0,RGBA
lg1film,cuadrado,lg1film_cuadrado.jpg,JPEG,.jpg,719,719,13235,12.9,1.0,YCbCr
lg1film,horizontal,lg1film_horizontal.jpg,JPEG,.jpg,1079,719,15253,14.9,1.501,YCbCr
lg1film,logo,lg1film_logo.png,PNG,.png,2160,2160,142315,139.0,1.0,RGBA
lg1spotlight,cuadrado,lg1spotlight_cuadrado.jpg,JPEG,.jpg,1032,1033,27394,26.8,0.999,YCbCr
lg1spotlight,horizontal,lg1spotlight_horizontal.jpg,JPEG,.jpg,1548,1033,34261,33.5,1.499,YCbCr
lg1spotlight,logo,lg1spotlight_logo.png,PNG,.png,2160,2160,199839,195.2,1.0,RGBA
lgchannels,logo,lgchannels_logo.jpg,JPEG,.jpg,300,200,5692,5.6,1.5,YCbCr
loveactualidad360,cuadrado,loveactualidad360_cuadrado.jpg,JPEG,.jpg,2157,2157,752246,734.6,1.0,YCbCr
loveactualidad360,horizontal,loveactualidad360_horizontal.jpg,JPEG,.jpg,3240,2158,742699,725.3,1.501,YCbCr
loveactualidad360,logo,loveactualidad360_logo.png,PNG,.png,2160,2160,434745,424.6,1.0,RGBA
loveclips,horizontal,loveclips_horizontal.jpg,JPEG,.jpg,1500,998,100310,98.0,1.503,YCbCr
loveclips,logo,loveclips_logo.png,PNG,.png,2160,2160,232276,226.8,1.0,RGBA
loveclips,redondo,loveclips_redondo.png,PNG,.png,1000,1000,785077,766.7,1.0,RGBA
lovecrime&history,horizontal,lovecrime&history_horizontal.jpg,JPEG,.jpg,1500,998,255673,249.7,1.503,YCbCr
lovecrime&history,logo,lovecrime&history_logo.png,PNG,.png,2160,2160,251081,245.2,1.0,RGBA
lovecrime&history,redondo,lovecrime&history_redondo.png,PNG,.png,1000,1000,1027870,1003.8,1.0,RGBA
loveelmueble,horizontal,loveelmueble_horizontal.jpg,JPEG,.jpg,1500,998,36398,35.5,1.503,YCbCr
loveelmueble,logo,loveelmueble_logo.png,PNG,.png,2160,2160,148231,144.8,1.0,RGBA
loveelmueble,redondo,loveelmueble_redondo.png,PNG,.png,1000,1000,50252,49.1,1.0,RGBA
lovehistoriayvida,horizontal,lovehistoriayvida_horizontal.jpg,JPEG,.jpg,1500,998,241255,235.6,1.503,YCbCr
lovehistoriayvida,logo,lovehistoriayvida_logo.png,PNG,.png,2160,2160,335306,327.4,1.0,RGBA
lovehistoriayvida,redondo,lovehistoriayvida_redondo.png,PNG,.png,1000,1000,1263064,1233.5,1.0,RGBA
lovemaydayairdisaster,horizontal,lovemaydayairdisaster_horizontal.jpg,JPEG,.jpg,1500,998,120863,118.0,1.503,YCbCr
lovemaydayairdisaster,logo,lovemaydayairdisaster_logo.png,PNG,.png,2160,2160,460050,449.3,1.0,RGBA
lovemaydayairdisaster,redondo,lovemaydayairdisaster_redondo.png,PNG,.png,1000,1000,828436,809.0,1.0,RGBA
lovenews360,horizontal,lovenews360_horizontal.jpg,JPEG,.jpg,1225,816,52303,51.1,1.501,YCbCr
lovenews360,logo,lovenews360_logo.png,PNG,.png,2160,2160,543801,531.1,1.0,RGBA
lovenews360,redondo,lovenews360_redondo.png,PNG,.png,1000,1000,455040,444.4,1.0,RGBA
lovetheplanet,cuadrado,lovetheplanet_cuadrado.jpg,JPEG,.jpg,1080,1080,248411,242.6,1.0,YCbCr
lovetheplanet,horizontal,lovetheplanet_horizontal.jpg,JPEG,.jpg,1620,1080,318353,310.9,1.5,YCbCr
lovetheplanet,logo,lovetheplanet_logo.png,PNG,.png,2160,2160,385158,376.1,1.0,RGBA
lovetheplanet,redondo,lovetheplanet_redondo.png,PNG,.png,1000,1000,498244,486.6,1.0,RGBA
lovetrailers,horizontal,lovetrailers_horizontal.jpg,JPEG,.jpg,1500,998,82532,80.6,1.503,YCbCr
lovetrailers,logo,lovetrailers_logo.png,PNG,.png,2160,2160,175946,171.8,1.0,RGBA
lovetrailers,redondo,lovetrailers_redondo.png,PNG,.png,1000,1000,590982,577.1,1.0,RGBA
lovetravel&taste,horizontal,lovetravel&taste_horizontal.jpg,JPEG,.jpg,1500,998,138478,135.2,1.503,YCbCr
lovetravel&taste,logo,lovetravel&taste_logo.png,PNG,.png,2160,2160,201722,197.0,1.0,RGBA
lovetravel&taste,redondo,lovetravel&taste_redondo.png,PNG,.png,1000,1000,758365,740.6,1.0,RGBA
lovewine,horizontal,lovewine_horizontal.jpg,JPEG,.jpg,1500,998,194764,190.2,1.503,YCbCr
lovewine,logo,lovewine_logo.png,PNG,.png,2160,2160,294368,287.5,1.0,RGBA
lovewine,redondo,lovewine_redondo.png,PNG,.png,1000,1000,915975,894.5,1.0,RGBA
masterchef,cuadrado,masterchef_cuadrado.jpg,JPEG,.jpg,2157,2157,359701,351.3,1.0,YCbCr
masterchef,horizontal,masterchef_horizontal.jpg,JPEG,.jpg,3240,2158,486977,475.6,1.501,YCbCr
masterchef,logo,masterchef_logo.png,PNG,.png,2160,2160,318577,311.1,1.0,RGBA
masterchef_logo,cuadrado,masterchef_logo_cuadrado.png,PNG,.png,1344,1344,328524,320.8,1.0,RGBA
mega,cuadrado,mega_cuadrado.jpg,JPEG,.jpg,600,600,40725,39.8,1.0,YCbCr
mega,horizontal,mega_horizontal.jpg,JPEG,.jpg,900,600,18350,17.9,1.5,YCbCr
mega,logo,mega_logo.png,PNG,.png,2160,2160,136913,133.7,1.0,RGBA
molahitstv,cuadrado,molahitstv_cuadrado.jpg,JPEG,.jpg,2157,2157,377738,368.9,1.0,YCbCr
molahitstv,horizontal,molahitstv_horizontal.jpg,JPEG,.jpg,3240,2158,389580,380.4,1.501,YCbCr
molahitstv,logo,molahitstv_logo.png,PNG,.png,288,288,4108,4.0,1.0,indexed
moviesphere,cuadrado,moviesphere_cuadrado.jpg,JPEG,.jpg,1000,1000,129714,126.7,1.0,YCbCr
moviesphere,horizontal,moviesphere_horizontal.jpg,JPEG,.jpg,2016,1344,203860,199.1,1.5,YCbCr
moviesphere,logo,moviesphere_logo.png,PNG,.png,2160,2160,388776,379.7,1.0,RGBA
mrbeananimated,cuadrado,mrbeananimated_cuadrado.jpg,JPEG,.jpg,2160,2160,336482,328.6,1.0,YCbCr
mrbeananimated,horizontal,mrbeananimated_horizontal.jpg,JPEG,.jpg,3240,2158,466055,455.1,1.501,YCbCr
mrbeananimated,logo,mrbeananimated_logo.png,PNG,.png,2160,2160,2463453,2405.7,1.0,RGBA
multicine_atresplayer,cuadrado,multicine_atresplayer_cuadrado.jpg,JPEG,.jpg,2160,2160,1157649,1130.5,1.0,YCbCr
multicine_atresplayer,horizontal,multicine_atresplayer_horizontal.jpg,JPEG,.jpg,3240,2160,1724851,1684.4,1.5,YCbCr
multicine_atresplayer,logo,multicine_atresplayer_logo.png,PNG,.png,1512,1512,213297,208.3,1.0,RGBA
naruto,cuadrado,naruto_cuadrado.jpg,JPEG,.jpg,2160,2160,1766890,1725.5,1.0,YCbCr
naruto,horizontal,naruto_horizontal.jpg,JPEG,.jpg,3240,2160,1877651,1833.6,1.5,YCbCr
naruto,logo,naruto_logo.png,PNG,.png,2160,2160,1155355,1128.3,1.0,RGBA
nasa,cuadrado,nasa_cuadrado.jpg,JPEG,.jpg,1365,1365,624356,609.7,1.0,YCbCr
nasa,horizontal,nasa_horizontal.jpg,JPEG,.jpg,2048,1365,736105,718.9,1.5,YCbCr
nasa,logo,nasa_logo.png,PNG,.png,1512,1512,630129,615.4,1.0,RGBA
nasa3d,cuadrado,nasa3d_cuadrado.jpg,JPEG,.jpg,1080,1080,482056,470.8,1.0,YCbCr
nasa3d,horizontal,nasa3d_horizontal.jpg,JPEG,.jpg,1620,1080,422067,412.2,1.5,YCbCr
nasa3d,logo,nasa3d_logo.png,PNG,.png,1080,1080,747611,730.1,1.0,RGBA
neox,logo,neox_logo.png,PNG,.png,2160,2160,552938,540.0,1.0,RGBA
neox_amarillo,cuadrado,neox_amarillo_cuadrado.jpg,JPEG,.jpg,1080,1080,98997,96.7,1.0,YCbCr
neox_amarillo,horizontal,neox_amarillo_horizontal.jpg,JPEG,.jpg,1620,1080,105634,103.2,1.5,YCbCr
neox_azul,cuadrado,neox_azul_cuadrado.jpg,JPEG,.jpg,585,585,88238,86.2,1.0,YCbCr
neox_azul,horizontal,neox_azul_horizontal.jpg,JPEG,.jpg,878,585,101325,99.0,1.501,YCbCr
neox_negro,cuadrado,neox_negro_cuadrado.jpg,JPEG,.jpg,2160,2160,291135,284.3,1.0,YCbCr
neox_negro,horizontal,neox_negro_horizontal.jpg,JPEG,.jpg,3240,2160,310504,303.2,1.5,YCbCr
newkfood,cuadrado,newkfood_cuadrado.jpg,JPEG,.jpg,2157,2157,544860,532.1,1.0,YCbCr
newkfood,horizontal,newkfood_horizontal.jpg,JPEG,.jpg,3240,2158,858033,837.9,1.501,YCbCr
newkfood,logo,newkfood_logo.png,PNG,.png,2160,2160,350986,342.8,1.0,RGBA
nickelodeon,cuadrado,nickelodeon_cuadrado.jpg,JPEG,.jpg,2160,2160,259769,253.7,1.0,YCbCr
nickelodeon,horizontal,nickelodeon_horizontal.jpg,JPEG,.jpg,3240,2160,278622,272.1,1.5,YCbCr
nickelodeon,logo,nickelodeon_logo.png,PNG,.png,2160,2160,545374,532.6,1.0,RGBA
nova,cuadrado,nova_cuadrado.jpg,JPEG,.jpg,2160,2160,205124,200.3,1.0,YCbCr
nova,horizontal,nova_horizontal.jpg,JPEG,.jpg,3240,2160,153990,150.4,1.5,YCbCr
nova,logo,nova_logo.png,PNG,.png,2160,2160,248017,242.2,1.0,RGBA
nova,logo2,nova_logo2.png,PNG,.png,2160,2160,196087,191.5,1.0,RGBA
onepiece,cuadrado,onepiece_cuadrado.jpg,JPEG,.jpg,3240,3240,1095782,1070.1,1.0,YCbCr
onepiece,horizontal,onepiece_horizontal.jpg,JPEG,.jpg,3240,2158,905673,884.4,1.501,YCbCr
onepiece,logo,onepiece_logo.png,PNG,.png,2160,2160,930008,908.2,1.0,RGBA
parlamentoandalucia,cuadrado,parlamentoandalucia_cuadrado.jpg,JPEG,.jpg,2160,2160,585655,571.9,1.0,YCbCr
parlamentoandalucia,horizontal,parlamentoandalucia_horizontal.jpg,JPEG,.jpg,3240,2158,832637,813.1,1.501,YCbCr
parlamentoandalucia,logo,parlamentoandalucia_logo.png,PNG,.png,200,200,52227,51.0,1.0,RGBA
plutotv,logo,plutotv_logo.jpg,JPEG,.jpg,450,300,14380,14.0,1.5,YCbCr
plutotvhorror,cuadrado,plutotvhorror_cuadrado.jpg,JPEG,.jpg,1080,1080,184450,180.1,1.0,YCbCr
plutotvhorror,horizontal,plutotvhorror_horizontal.jpg,JPEG,.jpg,1620,1080,281165,274.6,1.5,YCbCr
plutotvhorror,logo,plutotvhorror_logo.png,PNG,.png,1512,1512,535175,522.6,1.0,RGBA
ptvmalaga,cuadrado,ptvmalaga_cuadrado.jpg,JPEG,.jpg,2160,2160,130525,127.5,1.0,YCbCr
ptvmalaga,horizontal,ptvmalaga_horizontal.jpg,JPEG,.jpg,3240,2158,178100,173.9,1.501,YCbCr
ptvmalaga,logo,ptvmalaga_logo.png,PNG,.png,2160,2160,317685,310.2,1.0,RGBA
radio3rne,cuadrado,radio3rne_cuadrado.jpg,JPEG,.jpg,2160,2160,327607,319.9,1.0,YCbCr
radio3rne,cuadrado2,radio3rne_cuadrado2.jpg,JPEG,.jpg,1766,1765,117353,114.6,1.001,YCbCr
radio3rne,horizontal,radio3rne_horizontal.jpg,JPEG,.jpg,3240,2158,377221,368.4,1.501,YCbCr
radio3rne,horizontal2,radio3rne_horizontal2.jpg,JPEG,.jpg,2649,1765,117407,114.7,1.501,YCbCr
radio3rne,logo,radio3rne_logo.png,PNG,.png,2160,2160,456136,445.4,1.0,RGBA
radio3rne,logo1,radio3rne_logo1.png,PNG,.png,2160,2160,372719,364.0,1.0,RGBA
radio3rne,logo2,radio3rne_logo2.png,PNG,.png,2160,2160,757542,739.8,1.0,RGBA
radio5rne,cuadrado,radio5rne_cuadrado.jpg,JPEG,.jpg,2160,2160,310631,303.4,1.0,YCbCr
radio5rne,cuadrado2,radio5rne_cuadrado2.jpg,JPEG,.jpg,3072,3072,426007,416.0,1.0,YCbCr
radio5rne,horizontal,radio5rne_horizontal.jpg,JPEG,.jpg,3240,2158,358332,349.9,1.501,YCbCr
radio5rne,horizontal2,radio5rne_horizontal2.jpg,JPEG,.jpg,4608,3072,440775,430.4,1.5,YCbCr
radio5rne,logo,radio5rne_logo.png,PNG,.png,2160,2160,412587,402.9,1.0,RGBA
radio5rne,logo1,radio5rne_logo1.png,PNG,.png,2160,2160,341489,333.5,1.0,RGBA
radio5rne,logo2,radio5rne_logo2.png,PNG,.png,2160,2160,546062,533.3,1.0,RGBA
radioclasicarne,cuadrado,radioclasicarne_cuadrado.jpg,JPEG,.jpg,2160,2160,313080,305.7,1.0,YCbCr
radioclasicarne,cuadrado2,radioclasicarne_cuadrado2.jpg,JPEG,.jpg,3072,3072,413500,403.8,1.0,YCbCr
radioclasicarne,horizontal,radioclasicarne_horizontal.jpg,JPEG,.jpg,3240,2158,361164,352.7,1.501,YCbCr
radioclasicarne,horizontal2,radioclasicarne_horizontal2.jpg,JPEG,.jpg,4608,3072,422029,412.1,1.5,YCbCr
radioclasicarne,logo,radioclasicarne_logo.png,PNG,.png,2160,2160,441775,431.4,1.0,RGBA
radioclasicarne,logo1,radioclasicarne_logo1.png,PNG,.png,2160,2160,360797,352.3,1.0,RGBA
radioclasicarne,logo2,radioclasicarne_logo2.png,PNG,.png,2160,2160,367732,359.1,1.0,RGBA
radioexteriorrne,cuadrado,radioexteriorrne_cuadrado.jpg,JPEG,.jpg,2160,2160,315704,308.3,1.0,YCbCr
radioexteriorrne,cuadrado2,radioexteriorrne_cuadrado2.jpg,JPEG,.jpg,1059,1059,107862,105.3,1.0,YCbCr
radioexteriorrne,horizontal,radioexteriorrne_horizontal.jpg,JPEG,.jpg,3240,2158,361666,353.2,1.501,YCbCr
radioexteriorrne,horizontal2,radioexteriorrne_horizontal2.jpg,JPEG,.jpg,1589,1059,108862,106.3,1.5,YCbCr
radioexteriorrne,logo,radioexteriorrne_logo.png,PNG,.png,2160,2160,442823,432.4,1.0,RGBA
radioexteriorrne,logo1,radioexteriorrne_logo1.png,PNG,.png,2160,2160,354255,346.0,1.0,RGBA
radioexteriorrne,logo2,radioexteriorrne_logo2.png,PNG,.png,2160,2160,469109,458.1,1.0,RGBA
radionacionalrne,cuadrado,radionacionalrne_cuadrado.jpg,JPEG,.jpg,2160,2160,231107,225.7,1.0,YCbCr
radionacionalrne,cuadrado2,radionacionalrne_cuadrado2.jpg,JPEG,.jpg,2160,2160,418190,408.4,1.0,YCbCr
radionacionalrne,horizontal,radionacionalrne_horizontal.jpg,JPEG,.jpg,3240,2158,274884,268.4,1.501,YCbCr
radionacionalrne,horizontal2,radionacionalrne_horizontal2.jpg,JPEG,.jpg,3240,2158,598784,584.8,1.501,YCbCr
radionacionalrne,logo,radionacionalrne_logo.png,PNG,.png,2160,2160,339474,331.5,1.0,RGBA
radionacionalrne,logo1,radionacionalrne_logo1.png,PNG,.png,2160,2160,190627,186.2,1.0,RGBA
rakutentv,logo,rakutentv_logo.jpg,JPEG,.jpg,450,300,15286,14.9,1.5,YCbCr
realmadridtv,cuadrado,realmadridtv_cuadrado.jpg,JPEG,.jpg,1917,1917,323370,315.8,1.0,YCbCr
realmadridtv,horizontal,realmadridtv_horizontal.jpg,JPEG,.jpg,3240,2158,471236,460.2,1.501,YCbCr
realmadridtv,logo,realmadridtv_logo.png,PNG,.png,2160,2160,715606,698.8,1.0,RGBA
rneparatodos,cuadrado,rneparatodos_cuadrado.jpg,JPEG,.jpg,2160,2160,380613,371.7,1.0,YCbCr
rneparatodos,horizontal,rneparatodos_horizontal.jpg,JPEG,.jpg,3240,2158,501147,489.4,1.501,YCbCr
rneparatodos,logo,rneparatodos_logo.png,PNG,.png,2160,2160,571665,558.3,1.0,RGBA
rneparatodos,logo2,rneparatodos_logo2.png,PNG,.png,2160,2160,553730,540.8,1.0,RGBA
rtveplay,cuadrado,rtveplay_cuadrado.jpg,JPEG,.jpg,1226,1225,58170,56.8,1.001,YCbCr
rtveplay,horizontal,rtveplay_horizontal.jpg,JPEG,.jpg,1840,1225,66904,65.3,1.502,YCbCr
rtveplayalcieloconella,cuadrado,rtveplayalcieloconella_cuadrado.jpg,JPEG,.jpg,2160,2160,1985089,1938.6,1.0,YCbCr
rtveplayalcieloconella,horizontal,rtveplayalcieloconella_horizontal.jpg,JPEG,.jpg,3240,2160,2326408,2271.9,1.5,YCbCr
rtveplayalcieloconella,logo,rtveplayalcieloconella_logo.png,PNG,.png,2160,2160,399444,390.1,1.0,RGBA
rtveplaycocina,cuadrado,rtveplaycocina_cuadrado.jpg,JPEG,.jpg,2160,2160,393501,384.3,1.0,YCbCr
rtveplaycocina,horizontal,rtveplaycocina_horizontal.jpg,JPEG,.jpg,3240,2160,546444,533.6,1.5,YCbCr
rtveplaycocina,logo,rtveplaycocina_logo.png,PNG,.png,2160,2160,625853,611.2,1.0,RGBA
rtveplayconciertosradio3,cuadrado,rtveplayconciertosradio3_cuadrado.jpg,JPEG,.jpg,2160,2160,404213,394.7,1.0,YCbCr
rtveplayconciertosradio3,horizontal,rtveplayconciertosradio3_horizontal.jpg,JPEG,.jpg,3240,2158,483827,472.5,1.501,YCbCr
rtveplayconciertosradio3,logo,rtveplayconciertosradio3_logo.png,PNG,.png,2160,2160,483361,472.0,1.0,RGBA
rtveplaycuentame,cuadrado,rtveplaycuentame_cuadrado.jpg,JPEG,.jpg,2160,2160,471246,460.2,1.0,YCbCr
rtveplaycuentame,horizontal,rtveplaycuentame_horizontal.jpg,JPEG,.jpg,3240,2160,776145,758.0,1.5,YCbCr
rtveplaycuentame,logo,rtveplaycuentame_logo.png,PNG,.png,2160,2160,532106,519.6,1.0,RGBA
rtveplaydiadelatierra,cuadrado,rtveplaydiadelatierra_cuadrado.jpg,JPEG,.jpg,2160,2160,455373,444.7,1.0,YCbCr
rtveplaydiadelatierra,horizontal,rtveplaydiadelatierra_horizontal.jpg,JPEG,.jpg,3240,2158,778377,760.1,1.501,YCbCr
rtveplaydiadelatierra,logo,rtveplaydiadelatierra_logo.png,PNG,.png,2160,2160,326214,318.6,1.0,RGBA
rtveplayenplay,cuadrado,rtveplayenplay_cuadrado.jpg,JPEG,.jpg,2160,2160,459767,449.0,1.0,YCbCr
rtveplayenplay,horizontal,rtveplayenplay_horizontal.jpg,JPEG,.jpg,3240,2158,690996,674.8,1.501,YCbCr
rtveplayenplay,logo,rtveplayenplay_logo.png,PNG,.png,2160,2160,388869,379.8,1.0,RGBA
rtveplayformulae,cuadrado,rtveplayformulae_cuadrado.jpg,JPEG,.jpg,2160,2160,386351,377.3,1.0,YCbCr
rtveplayformulae,horizontal,rtveplayformulae_horizontal.jpg,JPEG,.jpg,3240,2158,447362,436.9,1.501,YCbCr
rtveplayformulae,logo,rtveplayformulae_logo.png,PNG,.png,2160,2160,423474,413.5,1.0,RGBA
rtveplayformulae,logo2,rtveplayformulae_logo2.png,PNG,.png,2160,2160,384358,375.3,1.0,RGBA
rtveplaylamoderna,cuadrado,rtveplaylamoderna_cuadrado.jpg,JPEG,.jpg,2160,2160,587924,574.1,1.0,YCbCr
rtveplaylamoderna,horizontal,rtveplaylamoderna_horizontal.jpg,JPEG,.jpg,3240,2160,854118,834.1,1.5,YCbCr
rtveplaylamoderna,logo,rtveplaylamoderna_logo.png,PNG,.png,2160,2160,475873,464.7,1.0,RGBA
rtveplaymalagafest,cuadrado,rtveplaymalagafest_cuadrado.jpg,JPEG,.jpg,1512,1512,155951,152.3,1.0,YCbCr
rtveplaymalagafest,horizontal,rtveplaymalagafest_horizontal.jpg,JPEG,.jpg,2016,1344,183199,178.9,1.5,YCbCr
rtveplaymalagafest,logo,rtveplaymalagafest_logo.jpg,JPEG,.jpg,1608,824,52289,51.1,1.951,YCbCr
rtveplayprocesiones,cuadrado,rtveplayprocesiones_cuadrado.jpg,JPEG,.jpg,1342,1342,265685,259.5,1.0,YCbCr
rtveplayprocesiones,horizontal,rtveplayprocesiones_horizontal.jpg,JPEG,.jpg,2016,1343,328087,320.4,1.501,YCbCr
rtveplayprocesiones,logo,rtveplayprocesiones_logo.png,PNG,.png,2160,2160,292521,285.7,1.0,RGBA
rtveplaypromesa,cuadrado,rtveplaypromesa_cuadrado.jpg,JPEG,.jpg,2160,2160,670809,655.1,1.0,YCbCr
rtveplaypromesa,horizontal,rtveplaypromesa_horizontal.jpg,JPEG,.jpg,3240,2160,996890,973.5,1.5,YCbCr
rtveplaypromesa,logo,rtveplaypromesa_logo.png,PNG,.png,2160,2160,489950,478.5,1.0,RGBA
rtveplayrevuelta,cuadrado,rtveplayrevuelta_cuadrado.jpg,JPEG,.jpg,2160,2160,471838,460.8,1.0,YCbCr
rtveplayrevuelta,horizontal,rtveplayrevuelta_horizontal.jpg,JPEG,.jpg,3240,2160,745029,727.6,1.5,YCbCr
rtveplayrevuelta,logo,rtveplayrevuelta_logo.png,PNG,.png,2160,2160,552054,539.1,1.0,RGBA
rtveplaysaberyganar,cuadrado,rtveplaysaberyganar_cuadrado.jpg,JPEG,.jpg,2160,2160,338017,330.1,1.0,YCbCr
rtveplaysaberyganar,horizontal,rtveplaysaberyganar_horizontal.jpg,JPEG,.jpg,3240,2160,468783,457.8,1.5,YCbCr
rtveplaysaberyganar,logo,rtveplaysaberyganar_logo.png,PNG,.png,2160,2160,445382,434.9,1.0,RGBA
rtveplaysomoscine,cuadrado,rtveplaysomoscine_cuadrado.jpg,JPEG,.jpg,2160,2160,469568,458.6,1.0,YCbCr
rtveplaysomoscine,horizontal,rtveplaysomoscine_horizontal.jpg,JPEG,.jpg,3240,2158,691226,675.0,1.501,YCbCr
rtveplaysomoscine,logo,rtveplaysomoscine_logo.png,PNG,.png,2160,2160,557491,544.4,1.0,RGBA
samsungtvplus,logo,samsungtvplus_logo.png,PNG,.png,300,300,11590,11.3,1.0,RGBA
senado,cuadrado,senado_cuadrado.jpg,JPEG,.jpg,2160,2160,363663,355.1,1.0,YCbCr
senado,horizontal,senado_horizontal.jpg,JPEG,.jpg,3240,2160,399356,390.0,1.5,YCbCr
senado,logo,senado_logo.png,PNG,.png,2160,2160,1616839,1578.9,1.0,RGBA
senado_nuevo,cuadrado,senado_nuevo_cuadrado.jpg,JPEG,.jpg,2160,2160,441897,431.5,1.0,YCbCr
senado_nuevo,horizontal,senado_nuevo_horizontal.jpg,JPEG,.jpg,3240,2158,647379,632.2,1.501,YCbCr
senado_nuevo,logo,senado_nuevo_logo.png,PNG,.png,2160,2160,567651,554.3,1.0,RGBA
ser,cuadrado,ser_cuadrado.jpg,JPEG,.jpg,2160,2160,103895,101.5,1.0,YCbCr
ser,horizontal,ser_horizontal.jpg,JPEG,.jpg,3240,2160,117953,115.2,1.5,YCbCr
ser,logo,ser_logo.png,PNG,.png,2160,2160,180769,176.5,1.0,RGBA
sermalaga,cuadrado,sermalaga_cuadrado.jpg,JPEG,.jpg,2160,2160,149949,146.4,1.0,YCbCr
sermalaga,horizontal,sermalaga_horizontal.jpg,JPEG,.jpg,3240,2160,163407,159.6,1.5,YCbCr
sermalaga,logo,sermalaga_logo.png,PNG,.png,2160,2160,256695,250.7,1.0,RGBA
solmisica,logo,solmisica_logo.png,PNG,.png,500,500,13747,13.4,1.0,RGBA
solmusica,cuadrado,solmusica_cuadrado.jpg,JPEG,.jpg,900,900,111097,108.5,1.0,YCbCr
solmusica,horizontal,solmusica_horizontal.jpg,JPEG,.jpg,1350,900,124610,121.7,1.5,YCbCr
solmusica_rosa,cuadrado,solmusica_rosa_cuadrado.jpg,JPEG,.jpg,1280,1280,121953,119.1,1.0,YCbCr
solmusica_rosa,horizontal,solmusica_rosa_horizontal.jpg,JPEG,.jpg,1920,1280,162780,159.0,1.5,YCbCr
sonyone-blacklist,cuadrado,sonyone-blacklist_cuadrado.jpg,JPEG,.jpg,2160,2160,633219,618.4,1.0,YCbCr
sonyone-blacklist,horizontal,sonyone-blacklist_horizontal.jpg,JPEG,.jpg,1079,719,36836,36.0,1.501,YCbCr
sonyone-blacklist,logo,sonyone-blacklist_logo.png,PNG,.png,2160,2160,317653,310.2,1.0,RGBA
sonyone-exitos,cuadrado,sonyone-exitos_cuadrado.jpg,JPEG,.jpg,2160,2160,718515,701.7,1.0,YCbCr
sonyone-exitos,horizontal,sonyone-exitos_horizontal.jpg,JPEG,.jpg,1079,719,41863,40.9,1.501,YCbCr
sonyone-exitos,logo,sonyone-exitos_logo.png,PNG,.png,2160,2160,327646,320.0,1.0,RGBA
sonyone-hitsaccion,cuadrado,sonyone-hitsaccion_cuadrado.jpg,JPEG,.jpg,2160,2160,602223,588.1,1.0,YCbCr
sonyone-hitsaccion,horizontal,sonyone-hitsaccion_horizontal.jpg,JPEG,.jpg,1079,719,53275,52.0,1.501,YCbCr
sonyone-hitsaccion,logo,sonyone-hitsaccion_logo.png,PNG,.png,2160,2160,383417,374.4,1.0,RGBA
sonyone-hitscomedia,cuadrado,sonyone-hitscomedia_cuadrado.jpg,JPEG,.jpg,2160,2160,830799,811.3,1.0,YCbCr
sonyone-hitscomedia,horizontal,sonyone-hitscomedia_horizontal.jpg,JPEG,.jpg,1079,719,44340,43.3,1.501,YCbCr
sonyone-hitscomedia,logo,sonyone-hitscomedia_logo.png,PNG,.png,2160,2160,334761,326.9,1.0,RGBA
sonyone-seriescomedia,cuadrado,sonyone-seriescomedia_cuadrado.jpg,JPEG,.jpg,2160,2160,859772,839.6,1.0,YCbCr
sonyone-seriescomedia,horizontal,sonyone-seriescomedia_horizontal.jpg,JPEG,.jpg,1032,688,46667,45.6,1.5,YCbCr
sonyone-seriescomedia,logo,sonyone-seriescomedia_logo.png,PNG,.png,2160,2160,355623,347.3,1.0,RGBA
sonyone-seriesthriller,cuadrado,sonyone-seriesthriller_cuadrado.jpg,JPEG,.jpg,2160,2160,859919,839.8,1.0,YCbCr
sonyone-seriesthriller,horizontal,sonyone-seriesthriller_horizontal.jpg,JPEG,.jpg,1027,685,46389,45.3,1.499,YCbCr
sonyone-seriesthriller,logo,sonyone-seriesthriller_logo.png,PNG,.png,2160,2160,402782,393.3,1.0,RGBA
spacelive,cuadrado,spacelive_cuadrado.jpg,JPEG,.jpg,720,720,51116,49.9,1.0,YCbCr
spacelive,horizontal,spacelive_horizontal.jpg,JPEG,.jpg,1080,720,83109,81.2,1.5,YCbCr
spacelive,logo,spacelive_logo.png,PNG,.png,720,720,53914,52.7,1.0,RGBA
spektratv,cuadrado,spektratv_cuadrado.jpg,JPEG,.jpg,2160,2160,291691,284.9,1.0,YCbCr
spektratv,horizontal,spektratv_horizontal.jpg,JPEG,.jpg,3240,2158,375528,366.7,1.501,YCbCr
spektratv,logo,spektratv_logo.png,PNG,.png,2160,2160,747911,730.4,1.0,RGBA
spektratv_rojo,cuadrado,spektratv_rojo_cuadrado.jpg,JPEG,.jpg,2160,2160,207943,203.1,1.0,YCbCr
spektratv_rojo,horizontal,spektratv_rojo_horizontal.jpg,JPEG,.jpg,3240,2160,224543,219.3,1.5,YCbCr
spektratv_rojo,logo,spektratv_rojo_logo.png,PNG,.png,2160,2160,413961,404.3,1.0,RGBA
squirrel,cuadrado,squirrel_cuadrado.jpg,JPEG,.jpg,449,450,23061,22.5,0.998,YCbCr
squirrel,horizontal,squirrel_horizontal.jpg,JPEG,.jpg,674,450,26871,26.2,1.498,YCbCr
squirrel,logo,squirrel_logo.png,PNG,.png,2160,2160,115445,112.7,1.0,RGBA
squirrel2,cuadrado,squirrel2_cuadrado.jpg,JPEG,.jpg,583,584,30831,30.1,0.998,YCbCr
squirrel2,horizontal,squirrel2_horizontal.jpg,JPEG,.jpg,877,584,32950,32.2,1.502,YCbCr
squirrel2,logo,squirrel2_logo.png,PNG,.png,2160,2160,149630,146.1,1.0,RGBA
startve,cuadrado,startve_cuadrado.jpg,JPEG,.jpg,2160,2160,183363,179.1,1.0,YCbCr
startve,horizontal,startve_horizontal.jpg,JPEG,.jpg,3240,2158,313729,306.4,1.501,YCbCr
startve,logo,startve_logo.png,PNG,.png,2160,2160,264939,258.7,1.0,RGBA
startve,logo2,startve_logo2.png,PNG,.png,2160,2160,167412,163.5,1.0,RGBA
tastemade,cuadrado,tastemade_cuadrado.jpg,JPEG,.jpg,2160,2160,291960,285.1,1.0,YCbCr
tastemade,horizontal,tastemade_horizontal.jpg,JPEG,.jpg,3240,2160,442899,432.5,1.5,YCbCr
tastemade,logo,tastemade_logo.png,PNG,.png,2160,2160,355583,347.2,1.0,RGBA
tdp,cuadrado,tdp_cuadrado.jpg,JPEG,.jpg,2160,2160,215579,210.5,1.0,YCbCr
tdp,cuadrado2,tdp_cuadrado2.jpg,JPEG,.jpg,2160,2160,143797,140.4,1.0,YCbCr
tdp,horizontal,tdp_horizontal.jpg,JPEG,.jpg,3240,2158,250433,244.6,1.501,YCbCr
tdp,horizontal2,tdp_horizontal2.jpg,JPEG,.jpg,3240,2160,156962,153.3,1.5,YCbCr
tdp,logo,tdp_logo.png,PNG,.png,2160,2160,249053,243.2,1.0,RGBA
tdp,logo2,tdp_logo2.png,PNG,.png,2160,2160,208214,203.3,1.0,RGBA
telecinco,cuadrado,telecinco_cuadrado.jpg,JPEG,.jpg,2160,2160,192532,188.0,1.0,YCbCr
telecinco,cuadrado2,telecinco_cuadrado2.jpg,JPEG,.jpg,2160,2160,316932,309.5,1.0,YCbCr
telecinco,horizontal,telecinco_horizontal.jpg,JPEG,.jpg,3240,2158,234914,229.4,1.501,YCbCr
telecinco,horizontal2,telecinco_horizontal2.jpg,JPEG,.jpg,3240,2158,370567,361.9,1.501,YCbCr
telecinco,logo,telecinco_logo.png,PNG,.png,2160,2160,293698,286.8,1.0,RGBA
telecinco,logo1,telecinco_logo1.png,PNG,.png,2160,2160,467410,456.5,1.0,RGBA
telecinco,logo2,telecinco_logo2.png,PNG,.png,2160,2160,387758,378.7,1.0,RGBA
ten,cuadrado,ten_cuadrado.jpg,JPEG,.jpg,2160,2160,189673,185.2,1.0,YCbCr
ten,horizontal,ten_horizontal.jpg,JPEG,.jpg,3240,2160,204440,199.6,1.5,YCbCr
ten,logo,ten_logo.png,PNG,.png,2160,2160,496136,484.5,1.0,RGBA
tocatafmradio,cuadrado,tocatafmradio_cuadrado.jpg,JPEG,.jpg,360,360,23787,23.2,1.0,YCbCr
tocatafmradio,horizontal,tocatafmradio_horizontal.jpg,JPEG,.jpg,540,360,21826,21.3,1.5,YCbCr
trece,cuadrado,trece_cuadrado.jpg,JPEG,.jpg,2160,2160,137235,134.0,1.0,YCbCr
trece,horizontal,trece_horizontal.jpg,JPEG,.jpg,3240,2158,170085,166.1,1.501,YCbCr
trece,logo,trece_logo.png,PNG,.png,2160,2160,153401,149.8,1.0,RGBA
tvcentroandalucia,cuadrado,tvcentroandalucia_cuadrado.jpg,JPEG,.jpg,1080,1080,69402,67.8,1.0,YCbCr
tvcentroandalucia,horizontal,tvcentroandalucia_horizontal.jpg,JPEG,.jpg,1620,1080,72442,70.7,1.5,YCbCr
tve,cuadrado,tve_cuadrado.jpg,JPEG,.jpg,272,272,13955,13.6,1.0,YCbCr
tve,horizontal,tve_horizontal.jpg,JPEG,.jpg,408,272,12786,12.5,1.5,YCbCr
tve,logo,tve_logo.png,PNG,.png,2160,2160,402122,392.7,1.0,RGBA
tve_internacional,cuadrado,tve_internacional_cuadrado.jpg,JPEG,.jpg,2560,2560,449885,439.3,1.0,YCbCr
tve_internacional,horizontal,tve_internacional_horizontal.jpg,JPEG,.jpg,3240,2158,434759,424.6,1.501,YCbCr
tve_internacional,logo,tve_internacional_logo.png,PNG,.png,2560,2560,546789,534.0,1.0,RGBA
tveuhd,logo,tveuhd_logo.png,PNG,.png,2160,2160,314002,306.6,1.0,RGBA
universtv,cuadrado,universtv_cuadrado.jpg,JPEG,.jpg,485,486,23799,23.2,0.998,YCbCr
universtv,horizontal,universtv_horizontal.jpg,JPEG,.jpg,728,486,26247,25.6,1.498,YCbCr
universtv,logo,universtv_logo.png,PNG,.png,2160,2160,558700,545.6,1.0,RGBA
veo7,cuadrado,veo7_cuadrado.jpg,JPEG,.jpg,2160,2160,250399,244.5,1.0,YCbCr
veo7,horizontal,veo7_horizontal.jpg,JPEG,.jpg,3240,2160,304391,297.3,1.5,YCbCr
veo7,logo,veo7_logo.png,PNG,.png,2160,2160,223818,218.6,1.0,RGBA
verbenatv,cuadrado,verbenatv_cuadrado.jpg,JPEG,.jpg,2157,2157,1039457,1015.1,1.0,YCbCr
verbenatv,horizontal,verbenatv_horizontal.jpg,JPEG,.jpg,3240,2158,908931,887.6,1.501,YCbCr
verbenatv,logo,verbenatv_logo.png,PNG,.png,2160,2160,2037627,1989.9,1.0,RGBA
xiaomitvplus,logo,xiaomitvplus_logo.jpg,JPEG,.jpg,300,200,5842,5.7,1.5,YCbCr
